exercicio;condicao;nivel;como_adaptar;referencia;aprovar;ajuste
Abdominal supra;Hérnia discal lombar (intolerância à flexão);cautela;Isometrias: dead bug, prancha, Pallof press.;prática clínica;S;
Elevação de pernas deitado;Hérnia discal lombar (intolerância à flexão);cautela;Joelhos flexionados, amplitude menor sem tirar a lombar do apoio, ou dead bug.;prática clínica;S;
Levantamento terra;Hérnia discal lombar (intolerância à flexão);cautela;"Barra elevada (blocos/rack), carga junto ao corpo, amplitude até onde não há sintomas; progredir conforme tolerância.";Wilke et al. 1999, Spine 24(8):755-762, doi:10.1097/00007632-199904150-00005 + prática clínica;S;
Levantamento terra romeno;Hérnia discal lombar (intolerância à flexão);cautela;"Barra elevada (blocos/rack), carga junto ao corpo, amplitude até onde não há sintomas; progredir conforme tolerância.";Wilke et al. 1999, Spine 24(8):755-762, doi:10.1097/00007632-199904150-00005 + prática clínica;S;
Remada curvada com barra;Hérnia discal lombar (intolerância à flexão);cautela;Remada unilateral apoiada no banco ou remada baixa na polia com tronco ereto.;Wilke et al. 1999, Spine 24(8):755-762, doi:10.1097/00007632-199904150-00005 + prática clínica;S;
Leg press 45°;Hérnia discal lombar (intolerância à flexão);cautela;Limitar a amplitude antes da retroversão da pelve.;prática clínica;S;
Abdominal supra;Dor lombar — intolerância à flexão;cautela;Isometrias: dead bug, prancha, Pallof press.;prática clínica;S;
Elevação de pernas deitado;Dor lombar — intolerância à flexão;cautela;Joelhos flexionados, amplitude menor sem tirar a lombar do apoio, ou dead bug.;prática clínica;S;
Levantamento terra;Dor lombar — intolerância à flexão;cautela;"Barra elevada (blocos/rack), carga junto ao corpo, amplitude até onde não há sintomas; progredir conforme tolerância.";Wilke et al. 1999, Spine 24(8):755-762, doi:10.1097/00007632-199904150-00005 + prática clínica;S;
Levantamento terra romeno;Dor lombar — intolerância à flexão;cautela;"Barra elevada (blocos/rack), carga junto ao corpo, amplitude até onde não há sintomas; progredir conforme tolerância.";Wilke et al. 1999, Spine 24(8):755-762, doi:10.1097/00007632-199904150-00005 + prática clínica;S;
Remada curvada com barra;Dor lombar — intolerância à flexão;cautela;Remada unilateral apoiada no banco ou remada baixa na polia com tronco ereto.;Wilke et al. 1999, Spine 24(8):755-762, doi:10.1097/00007632-199904150-00005 + prática clínica;S;
Leg press 45°;Dor lombar — intolerância à flexão;cautela;Limitar a amplitude antes da retroversão da pelve.;prática clínica;S;
Extensão lombar no banco romano;Estenose lombar (intolerância à extensão);cautela;"Amplitude só até o neutro, sem hiperextensão; ou bird dog.";Schmid et al. 1999, AJR 172(4):1095-1102, doi:10.2214/ajr.172.4.10587155 + prática clínica;S;
Desenvolvimento militar com barra;Estenose lombar (intolerância à extensão);cautela;Sentado com apoio nas costas, ou halteres/landmine, sem arquear a lombar.;prática clínica;S;
Extensão lombar no banco romano;Espondilolistese (intolerância à extensão);cautela;"Amplitude só até o neutro, sem hiperextensão; ou bird dog.";Schmid et al. 1999, AJR 172(4):1095-1102, doi:10.2214/ajr.172.4.10587155 + prática clínica;S;
Desenvolvimento militar com barra;Espondilolistese (intolerância à extensão);cautela;Sentado com apoio nas costas, ou halteres/landmine, sem arquear a lombar.;prática clínica;S;
Extensão lombar no banco romano;Dor lombar — intolerância à extensão;cautela;"Amplitude só até o neutro, sem hiperextensão; ou bird dog.";Schmid et al. 1999, AJR 172(4):1095-1102, doi:10.2214/ajr.172.4.10587155 + prática clínica;S;
Desenvolvimento militar com barra;Dor lombar — intolerância à extensão;cautela;Sentado com apoio nas costas, ou halteres/landmine, sem arquear a lombar.;prática clínica;S;
Tríceps no banco;Dor no ombro relacionada ao manguito rotador;cautela;Tríceps na polia ou francês com halter.;prática clínica;S;
Cadeira extensora;Dor patelofemoral;cautela;"Amplitude de 90° a 45° de flexão (sem estender por completo) enquanto houver dor; ampliar com a melhora.";Powers et al. 2014, JOSPT 44(5):320-327, doi:10.2519/jospt.2014.4936;;
Agachamento livre com barra;Dor patelofemoral;cautela;"Amplitude de 0° a ~45°, ou até onde não reproduzir dor; goblet ou leg press com a mesma amplitude.";Powers et al. 2014, JOSPT 44(5):320-327, doi:10.2519/jospt.2014.4936;;
